candidate_id,imagename
C00001,C00001
C00003,C00003
C00007,C00007
C00009,C00009
C00013,C00013
C00014,C00014
C00015,C00015
C00017,C00017
C00018,C00018
C00021,C00021
C00022,C00022
C00025,C00025
C00026,C00026
C00027,C00027
C00029,C00029
C00030,C00030
C00031,C00031
C00033,C00033
C00034,C00034
C00040,C00040
C00041,C00041
C00042,C00042
C00046,C00046
C00047,C00047
C00048,C00048
C00049,C00049
C00050,C00050
C00052,C00052
C00053,C00053
C00054,C00054
C00059,C00059
C00061,C00061
C00062,C00062
C00063,C00063
C00067,C00067
C00068,C00068
C00070,C00070
C00071,C00071
C00072,C00072
C00073,C00073
C00074,C00074
C00075,C00075
C00076,C00076
C00077,C00077
C00081,C00081
C00082,C00082
C00083,C00083
C00084,C00084
C00086,C00086
C00087,C00087
C00088,C00088
C00089,C00089
C00090,C00090
C00092,C00092
C00093,C00093
C00095,C00095
C00096,C00096
C00097,C00097
C00100,C00100
C00101,C00101
C00103,C00103
C00105,C00105
C00107,C00107
C00110,C00110
C00116,C00116
C00120,C00120
C00121,C00121
C00122,C00122
C00126,C00126
C00128,C00128
C00135,C00135
C00141,C00141
C00142,C00142
C00144,C00144
C00145,C00145
C00147,C00147
C00150,C00150
C00154,C00154
C00158,C00158
C00161,C00161
C00162,C00162
C00163,C00163
C00175,C00175
C00176,C00176
C00178,C00178
C00179,C00179
C00180,C00180
C00184,C00184
C00189,C00189
C00190,C00190
C00192,C00192
C00194,C00194
C00195,C00195
C00198,C00198
C00202,C00202
C00204,C00204
C00206,C00206
C00207,C00207
C00208,C00208
C00209,C00209
C00210,C00210
C00214,C00214
C00216,C00216
C00217,C00217
C00220,C00220
C00221,C00221
C00222,C00222
C00223,C00223
C00224,C00224
C00225,C00225
C00227,C00227
C00231,C00231
C00233,C00233
C00236,C00236
C00237,C00237
C00241,C00241
C00244,C00244
C00246,C00246
C00251,C00251
C00253,C00253
C00254,C00254
C00255,C00255
C00260,C00260
C00263,C00263
C00264,C00264
C00269,C00269
C00271,C00271
C00272,C00272
C00273,C00273
C00276,C00276
C00277,C00277
C00280,C00280
C00283,C00283
C00285,C00285
C00287,C00287
C00288,C00288
C00289,C00289
C00296,C00296
C00297,C00297
C00301,C00301
C00303,C00303
C00305,C00305
C00307,C00307
C00310,C00310
C00311,C00311
C00312,C00312
C00315,C00315
C00321,C00321
C00323,C00323
C00327,C00327
C00328,C00328
C00329,C00329
C00332,C00332
C00333,C00333
C00336,C00336
C00337,C00337
C00341,C00341
C00347,C00347
C00348,C00348
C00349,C00349
C00351,C00351
C00353,C00353
C00355,C00355
C00356,C00356
C00358,C00358
C00359,C00359
C00360,C00360
C00362,C00362
C00363,C00363
C00365,C00365
C00368,C00368
C00369,C00369
C00372,C00372
C00374,C00374
C00376,C00376
C00377,C00377
C00379,C00379
C00380,C00380
C00381,C00381
C00382,C00382
C00383,C00383
C00385,C00385
C00389,C00389
C00394,C00394
C00395,C00395
C00396,C00396
C00397,C00397
C00399,C00399
C00403,C00403
C00404,C00404
C00406,C00406
C00407,C00407
C00409,C00409
C00411,C00411
C00412,C00412
C00414,C00414
C00416,C00416
C00417,C00417
C00420,C00420
C00421,C00421
C00423,C00423
C00424,C00424
C00426,C00426
C00427,C00427
C00428,C00428
C00429,C00429
C00430,C00430
C00431,C00431
C00433,C00433
C00435,C00435
C00436,C00436
C00438,C00438
C00439,C00439
C00442,C00442
C00443,C00443
C00445,C00445
C00447,C00447
C00448,C00448
C00450,C00450
C00453,C00453
C00454,C00454
C00455,C00455
C00457,C00457
C00458,C00458
C00459,C00459
C00460,C00460
C00461,C00461
C00465,C00465
C00467,C00467
C00470,C00470
C00473,C00473
C00476,C00476
C00479,C00479
C00481,C00481
C00482,C00482
C00483,C00483
C00484,C00484
C00486,C00486
C00487,C00487
C00488,C00488
C00489,C00489
C00499,C00499
C00501,C00501
C00502,C00502
C00503,C00503
C00504,C00504
C00506,C00506
C00507,C00507
C00508,C00508
C00510,C00510
C00513,C00513
C00514,C00514
C00515,C00515
C00517,C00517
C00518,C00518
C00520,C00520
C00526,C00526
C00529,C00529
C00530,C00530
C00532,C00532
C00535,C00535
C00537,C00537
C00543,C00543
C00544,C00544
C00545,C00545
C00546,C00546
C00549,C00549
C00551,C00551
C00552,C00552
C00558,C00558
C00562,C00562
C00565,C00565
C00567,C00567
C00568,C00568
C00571,C00571
C00572,C00572
C00573,C00573
C00574,C00574
C00575,C00575
C00577,C00577
C00579,C00579
C00581,C00581
C00584,C00584
C00585,C00585
C00586,C00586
C00587,C00587
C00589,C00589
C00591,C00591
C00593,C00593
C00594,C00594
C00595,C00595
C00596,C00596
C00599,C00599
C00600,C00600
C00602,C00602
C00603,C00603
C00604,C00604
C00605,C00605
C00608,C00608
C00609,C00609
C00612,C00612
C00614,C00614
C00616,C00616
C00617,C00617
C00618,C00618
C00619,C00619
C00621,C00621
C00622,C00622
C00623,C00623
C00625,C00625
C00626,C00626
C00629,C00629
C00630,C00630
C00633,C00633
C00635,C00635
C00636,C00636
C00638,C00638
C00639,C00639
C00640,C00640
C00641,C00641
C00642,C00642
C00643,C00643
C00644,C00644
C00645,C00645
C00646,C00646
C00647,C00647
C00648,C00648
C00649,C00649
C00651,C00651
C00652,C00652
C00654,C00654
C00656,C00656
C00657,C00657
C00658,C00658
C00659,C00659
C00660,C00660
C00667,C00667
C00668,C00668
C00670,C00670
C00672,C00672
C00673,C00673
C00674,C00674
C00675,C00675
C00677,C00677
C00678,C00678
C00679,C00679
C00680,C00680
C00682,C00682
C00683,C00683
C00686,C00686
C00687,C00687
C00688,C00688
C00689,C00689
C00692,C00692
C00693,C00693
C00694,C00694
C00695,C00695
C00696,C00696
C00699,C00699
C00702,C00702
C00704,C00704
C00706,C00706
C00707,C00707
C00708,C00708
C00709,C00709
C00710,C00710
C00711,C00711
C00713,C00713
C00714,C00714
C00715,C00715
C00717,C00717
C00718,C00718
C00720,C00720
C00721,C00721
C00723,C00723
C00724,C00724
C00725,C00725
C00726,C00726
C00727,C00727
C00728,C00728
C00729,C00729
C00770,C00770
C00775,C00775
C00776,C00776
C00777,C00777
C00778,C00778
C00780,C00780
C00781,C00781
C00783,C00783
C00786,C00786
C00788,C00788
C00789,C00789
C00792,C00792
C00793,C00793
C00794,C00794
C00795,C00795
C00800,C00800
C00801,C00801
C00802,C00802
C00803,C00803
C00804,C00804
C00805,C00805
C00807,C00807
C00808,C00808
C00809,C00809
C00810,C00810
C00812,C00812
C00814,C00814
C00816,C00816
C00817,C00817
C00819,C00819
C00820,C00820
C00821,C00821
C00825,C00825
C00826,C00826
C00828,C00828
C00829,C00829
C00830,C00830
C00831,C00831
C00832,C00832
C00833,C00833
C00834,C00834
C00836,C00836
C00838,C00838
C00839,C00839
C00840,C00840
C00841,C00841
C00842,C00842
C00843,C00843
C00844,C00844
C00845,C00845
C00846,C00846
C00847,C00847
C00849,C00849
C00850,C00850
C00851,C00851
C00854,C00854
C00855,C00855
C00856,C00856
C00857,C00857
C00861,C00861
C00862,C00862
C00865,C00865
C00867,C00867
C00868,C00868
C00869,C00869
C00871,C00871
C00873,C00873
C00874,C00874
C00877,C00877
C00881,C00881
C00882,C00882
C00886,C00886
C00890,C00890
C00895,C00895
C00896,C00896
C00897,C00897
C00900,C00900
C00901,C00901
C00902,C00902
C00903,C00903
C00904,C00904
C00906,C00906
C00907,C00907
C00908,C00908
C00909,C00909
C00910,C00910
C00911,C00911
C00912,C00912
C00913,C00913
C00915,C00915
C00917,C00917
C00918,C00918
C00919,C00919
C00920,C00920
C00921,C00921
C00922,C00922
C00924,C00924
C00925,C00925
C00926,C00926
C00927,C00927
C00928,C00928
C00929,C00929
C00930,C00930
C00933,C00933
C00934,C00934
C00936,C00936
C00937,C00937
C00938,C00938
C00939,C00939
C00940,C00940
C00941,C00941
C00942,C00942
C00943,C00943
C00944,C00944
C00946,C00946
C00948,C00948
C00949,C00949
C00951,C00951
C00955,C00955
C00956,C00956
C00957,C00957
C00958,C00958
C00959,C00959
C00960,C00960
C00961,C00961
C00962,C00962
C00964,C00964
C00967,C00967
C00974,C00974
C00976,C00976
C00979,C00979
C00980,C00980
C00982,C00982
C00983,C00983
C00985,C00985
C00986,C00986
C00987,C00987
C00991,C00991
C00993,C00993
C00994,C00994
C01000,C01000
C01003,C01003
C01007,C01007
C01009,C01009
C01011,C01011
C01013,C01013
C01015,C01015
C01016,C01016
C01017,C01017
C01018,C01018
C01019,C01019
C01020,C01020
C01025,C01025
C01026,C01026
C01027,C01027
C01029,C01029
C01030,C01030
C01031,C01031
C01033,C01033
C01036,C01036
C01037,C01037
C01040,C01040
C01041,C01041
C01042,C01042
C01044,C01044
C01045,C01045
C01046,C01046
C01047,C01047
C01049,C01049
C01050,C01050
C01054,C01054
C01055,C01055
C01057,C01057
C01058,C01058
C01062,C01062
C01064,C01064
C01065,C01065
C01066,C01066
C01067,C01067
C01068,C01068
C01071,C01071
C01075,C01075
C01076,C01076
C01078,C01078
C01079,C01079
C01080,C01080
C01081,C01081
C01082,C01082
C01084,C01084
C01085,C01085
C01086,C01086
C01087,C01087
C01088,C01088
C01089,C01089
C01090,C01090
C01091,C01091
C01093,C01093
C01094,C01094
C01095,C01095
C01097,C01097
C01098,C01098
C01099,C01099
C01100,C01100
C01101,C01101
C01102,C01102
C01103,C01103
C01104,C01104
C01105,C01105
C01107,C01107
C01109,C01109
C01110,C01110
C01111,C01111
C01113,C01113
C01115,C01115
C01116,C01116
C01118,C01118
C01120,C01120
C01122,C01122
C01124,C01124
C01126,C01126
C01129,C01129
C01130,C01130
C01131,C01131
C01132,C01132
C01133,C01133
C01134,C01134
C01137,C01137
C01138,C01138
C01139,C01139
C01140,C01140
C01141,C01141
C01142,C01142
C01143,C01143
C01145,C01145
C01147,C01147
C01148,C01148
C01149,C01149
C01151,C01151
C01152,C01152
C01153,C01153
C01154,C01154
C01156,C01156
C01158,C01158
C01160,C01160
C01161,C01161
C01162,C01162
C01164,C01164
C01165,C01165
C01166,C01166
C01168,C01168
C01170,C01170
C01172,C01172
C01174,C01174
C01175,C01175
C01176,C01176
C01177,C01177
C01178,C01178
C01179,C01179
C01180,C01180
C01181,C01181
C01182,C01182
C01183,C01183
C01184,C01184
C01185,C01185
C01186,C01186
C01187,C01187
C01188,C01188
C01195,C01195
C01196,C01196
C01200,C01200
C01203,C01203
C01204,C01204
C01206,C01206
C01208,C01208
C01209,C01209
C01211,C01211
C01213,C01213
C01214,C01214
C01215,C01215
C01217,C01217
C01220,C01220
C01221,C01221
C01222,C01222
C01223,C01223
C01226,C01226
C01227,C01227
C01234,C01234
C01236,C01236
C01237,C01237
C01239,C01239
C01240,C01240
C01241,C01241
C01242,C01242
C01243,C01243
C01245,C01245
C01247,C01247
C01248,C01248
C01250,C01250
C01251,C01251
C01252,C01252
C01254,C01254
C01257,C01257
C01260,C01260
C01261,C01261
C01263,C01263
C01264,C01264
C01265,C01265
C01267,C01267
C01268,C01268
C01272,C01272
C01273,C01273
C01275,C01275
C01276,C01276
C01277,C01277
C01278,C01278
C01280,C01280
C01281,C01281
C01282,C01282
C01284,C01284
C01287,C01287
C01289,C01289
C01290,C01290
C01291,C01291
C01292,C01292
C01293,C01293
C01294,C01294
C01295,C01295
C01297,C01297
C01299,C01299
C01301,C01301
C01302,C01302
C01304,C01304
C01307,C01307
C01308,C01308
C01309,C01309
C01310,C01310
C01311,C01311
C01312,C01312
C01313,C01313
C01315,C01315
C01316,C01316
C01317,C01317
C01318,C01318
C01321,C01321
C01322,C01322
C01323,C01323
C01324,C01324
C01327,C01327
C01328,C01328
C01329,C01329
C01331,C01331
C01332,C01332
C01334,C01334
C01336,C01336
C01337,C01337
C01339,C01339
C01340,C01340
C01342,C01342
C01343,C01343
C01344,C01344
C01351,C01351
C01357,C01357
C01358,C01358
C01359,C01359
C01360,C01360
C01362,C01362
C01364,C01364
C01365,C01365
C01366,C01366
C01367,C01367
C01369,C01369
C01373,C01373
C01374,C01374
C01378,C01378
C01383,C01383
C01384,C01384
C01387,C01387
C01388,C01388
C01389,C01389
C01391,C01391
C01392,C01392
C01393,C01393
C01394,C01394
C01395,C01395
C01396,C01396
C01398,C01398
C01401,C01401
C01403,C01403
C01405,C01405
C01406,C01406
C01407,C01407
C01408,C01408
C01409,C01409
C01410,C01410
C01411,C01411
C01412,C01412
C01413,C01413
C01414,C01414
C01415,C01415
C01416,C01416
C01417,C01417
C01419,C01419
C01420,C01420
C01421,C01421
C01422,C01422
C01424,C01424
C01426,C01426
C01428,C01428
C01429,C01429
C01430,C01430
C01431,C01431
C01432,C01432
C01433,C01433
C01435,C01435
C01436,C01436
C01437,C01437
C01439,C01439
C01441,C01441
C01444,C01444
C01445,C01445
C01447,C01447
C01448,C01448
C01453,C01453
C01456,C01456
C01457,C01457
C01460,C01460
C01461,C01461
C01463,C01463
C01464,C01464
C01466,C01466
C01467,C01467
C01468,C01468
C01471,C01471
C01472,C01472
C01476,C01476
C01480,C01480
C01482,C01482
C01484,C01484
C01485,C01485
C01486,C01486
C01490,C01490
C01492,C01492
C01493,C01493
C01495,C01495
C01496,C01496
C01497,C01497
C01498,C01498
C01499,C01499
C01502,C01502
C01503,C01503
C01504,C01504
C01505,C01505
C01506,C01506
C01510,C01510
C01511,C01511
C01514,C01514
C01517,C01517
C01520,C01520
C01524,C01524
C01527,C01527
C01528,C01528
C01529,C01529
C01530,C01530
C01531,C01531
C01532,C01532
C01534,C01534
C01538,C01538
C01539,C01539
C01540,C01540
C01542,C01542
C01543,C01543
C01544,C01544
C01545,C01545
C01547,C01547
C01548,C01548
C01550,C01550
C01552,C01552
C01554,C01554
C01555,C01555
C01556,C01556
C01557,C01557
C01558,C01558
C01561,C01561
C01562,C01562
C01563,C01563
C01565,C01565
C01566,C01566
C01568,C01568
C01569,C01569
C01570,C01570
C01571,C01571
C01573,C01573
C01574,C01574
C01575,C01575
C01577,C01577
C01578,C01578
C01579,C01579
C01581,C01581
C01582,C01582
C01585,C01585
C01586,C01586
C01587,C01587
C01589,C01589
C01590,C01590
C01591,C01591
C01592,C01592
C01594,C01594
C01595,C01595
C01597,C01597
C01598,C01598
C01599,C01599
C01600,C01600
C01605,C01605
C01606,C01606
C01607,C01607
C01608,C01608
C01610,C01610
C01611,C01611
C01614,C01614
C01615,C01615
C01617,C01617
C01618,C01618
C01620,C01620
C01621,C01621
C01622,C01622
C01628,C01628
C01629,C01629
C01631,C01631
C01633,C01633
C01634,C01634
C01635,C01635
C01636,C01636
C01637,C01637
C01638,C01638
C01642,C01642
C01643,C01643
C01645,C01645
C01646,C01646
C01648,C01648
C01650,C01650
C01651,C01651
C01654,C01654
C01655,C01655
C01658,C01658
C01659,C01659
C01660,C01660
C01662,C01662
C01663,C01663
C01664,C01664
C01665,C01665
C01667,C01667
C01668,C01668
C01671,C01671
C01672,C01672
C01675,C01675
C01676,C01676
C01677,C01677
C01678,C01678
C01681,C01681
C01685,C01685
C01686,C01686
C01687,C01687
C01689,C01689
C01690,C01690
C01691,C01691
C01692,C01692
C01695,C01695
C01696,C01696
C01697,C01697
C01699,C01699
C01701,C01701
C01702,C01702
C01703,C01703
C01704,C01704
C01705,C01705
C01707,C01707
C01708,C01708
C01710,C01710
C01711,C01711
C01712,C01712
C01714,C01714
C01715,C01715
C01716,C01716
C01717,C01717
C01718,C01718
C01721,C01721
C01722,C01722
C01723,C01723
C01724,C01724
C01725,C01725
C01726,C01726
C01727,C01727
C01728,C01728
C01729,C01729
C01730,C01730
C01731,C01731
C01733,C01733
C01735,C01735
C01736,C01736
C01737,C01737
C01738,C01738
C01739,C01739
C01740,C01740
C01741,C01741
C01742,C01742
C01743,C01743
C01744,C01744
C01745,C01745
C01749,C01749
C01751,C01751
C01752,C01752
C01753,C01753
C01754,C01754
C01755,C01755
C01756,C01756
C01757,C01757
C01758,C01758
C01759,C01759
C01761,C01761
C01762,C01762
C01764,C01764
C01766,C01766
C01770,C01770
C01771,C01771
C01774,C01774
C01778,C01778
C01779,C01779
C01784,C01784
C01785,C01785
C01786,C01786
C01787,C01787
C01788,C01788
C01790,C01790
C01791,C01791
C01792,C01792
C01793,C01793
C01794,C01794
C01795,C01795
C01797,C01797
C01800,C01800
C01802,C01802
C01804,C01804
C01808,C01808
C01809,C01809
C01811,C01811
C01812,C01812
C01813,C01813
C01814,C01814
C01816,C01816
C01819,C01819
C01820,C01820
C01822,C01822
C01823,C01823
C01824,C01824
C01825,C01825
C01826,C01826
C01827,C01827
C01828,C01828
C01830,C01830
C01831,C01831
C01832,C01832
C01833,C01833
C01834,C01834
C01835,C01835
C01836,C01836
C01838,C01838
C01839,C01839
C01840,C01840
C01841,C01841
C01843,C01843
C01845,C01845
C01847,C01847
C01848,C01848
C01849,C01849
C01851,C01851
C01852,C01852
C01853,C01853
C01854,C01854
C01855,C01855
C01856,C01856
C01858,C01858
C01861,C01861
C01865,C01865
C01867,C01867
C01868,C01868
C01871,C01871
C01872,C01872
C01874,C01874
C01875,C01875
C01876,C01876
C01877,C01877
C01878,C01878
C01880,C01880
C01881,C01881
C01882,C01882
C01883,C01883
C01884,C01884
C01885,C01885
C01886,C01886
C01887,C01887
C01888,C01888
C01889,C01889
C01890,C01890
C01892,C01892
C01896,C01896
C01898,C01898
C01900,C01900
C01904,C01904
C01905,C01905
C01906,C01906
C01907,C01907
C01910,C01910
C01912,C01912
C01914,C01914
C01916,C01916
C01917,C01917
C01919,C01919
C01920,C01920
C01921,C01921
C01922,C01922
C01927,C01927
C01928,C01928
C01929,C01929
C01930,C01930
C01931,C01931
C01932,C01932
C01933,C01933
C01934,C01934
C01935,C01935
C01936,C01936
C01937,C01937
C01938,C01938
C01939,C01939
C01941,C01941
C01942,C01942
C01943,C01943
C01944,C01944
C01946,C01946
C01947,C01947
C01950,C01950
C01954,C01954
C01955,C01955
C01957,C01957
C01964,C01964
C01965,C01965
C01967,C01967
C01968,C01968
C01973,C01973
C01974,C01974
C01976,C01976
C01977,C01977
C01979,C01979
C01980,C01980
C01981,C01981
C01982,C01982
C01985,C01985
C01986,C01986
C01991,C01991
C01992,C01992
C01993,C01993
C01994,C01994
C01995,C01995
C01996,C01996
C01998,C01998
C01999,C01999
C02001,C02001
C02004,C02004
C02005,C02005
C02007,C02007
C02008,C02008
C02010,C02010
C02013,C02013
C02014,C02014
C02015,C02015
C02016,C02016
C02018,C02018
C02020,C02020
C02021,C02021
C02022,C02022
C02023,C02023
C02024,C02024
C02025,C02025
C02026,C02026
C02028,C02028
C02029,C02029
C02030,C02030
C02031,C02031
C02032,C02032
C02034,C02034
C02035,C02035
C02036,C02036
C02037,C02037
C02038,C02038
C02040,C02040
C02042,C02042
C02043,C02043
C02044,C02044
C02045,C02045
C02046,C02046
C02047,C02047
C02048,C02048
C02049,C02049
C02050,C02050
C02051,C02051
C02053,C02053
C02054,C02054
C02058,C02058
C02066,C02066
C02067,C02067
C02068,C02068
C02069,C02069
C02070,C02070
C02071,C02071
C02072,C02072
C02073,C02073
C02076,C02076
C02080,C02080
C02087,C02087
C02090,C02090
C02091,C02091
C02093,C02093
C02094,C02094
C02095,C02095
C02097,C02097
C02098,C02098
C02099,C02099
C02100,C02100
C02103,C02103
C02104,C02104
C02105,C02105
C02106,C02106
C02107,C02107
C02108,C02108
C02110,C02110
C02111,C02111
C02112,C02112
C02115,C02115
C02117,C02117
C02121,C02121
C02122,C02122
C02124,C02124
C02126,C02126
C02127,C02127
C02131,C02131
C02132,C02132
C02135,C02135
C02137,C02137
C02138,C02138
C02139,C02139
C02140,C02140
C02141,C02141
C02142,C02142
C02143,C02143
C02148,C02148
C02152,C02152
C02153,C02153
C02154,C02154
C02156,C02156
C02157,C02157
C02159,C02159
C02160,C02160
C02161,C02161
C02162,C02162
C02166,C02166
C02167,C02167
C02169,C02169
C02170,C02170
C02171,C02171
C02172,C02172
C02173,C02173
C02175,C02175
C02177,C02177
C02180,C02180
C02182,C02182
C02183,C02183
C02184,C02184
C02185,C02185
C02187,C02187
C02192,C02192
C02193,C02193
C02194,C02194
C02195,C02195
C02197,C02197
C02198,C02198
C02202,C02202
C02205,C02205
C02207,C02207
C02210,C02210
C02211,C02211
C02212,C02212
C02216,C02216
C02221,C02221
C02223,C02223
C02224,C02224
C02225,C02225
C02226,C02226
C02227,C02227
C02229,C02229
C02234,C02234
C02235,C02235
C02237,C02237
C02238,C02238
C02239,C02239
C02240,C02240
C02241,C02241
C02242,C02242
C02244,C02244
C02245,C02245
C02246,C02246
C02248,C02248
C02249,C02249
C02250,C02250
C02251,C02251
C02252,C02252
C02253,C02253
C02255,C02255
C02257,C02257
C02258,C02258
C02259,C02259
C02260,C02260
C02261,C02261
C02263,C02263
C02264,C02264
C02265,C02265
C02267,C02267
C02268,C02268
C02269,C02269
C02270,C02270
C02272,C02272
C02273,C02273
C02274,C02274
C02275,C02275
C02276,C02276
C02277,C02277
C02278,C02278
C02279,C02279
C02280,C02280
C02281,C02281
C02284,C02284
C02285,C02285
C02286,C02286
C02287,C02287
C02288,C02288
C02289,C02289
C02291,C02291
C02292,C02292
C02293,C02293
C02294,C02294
C02295,C02295
C02297,C02297
C02298,C02298
C02300,C02300
C02303,C02303
C02304,C02304
C02306,C02306
C02307,C02307
C02308,C02308
C02311,C02311
C02312,C02312
C02313,C02313
C02315,C02315
C02317,C02317
C02318,C02318
C02319,C02319
C02322,C02322
C02324,C02324
C02326,C02326
C02327,C02327
C02328,C02328
C02329,C02329
C02331,C02331
C02332,C02332
C02334,C02334
C02335,C02335
C02336,C02336
C02337,C02337
C02338,C02338
C02340,C02340
C02341,C02341
C02342,C02342
C02344,C02344
C02345,C02345
C02346,C02346
C02347,C02347
C02348,C02348
C02350,C02350
C02351,C02351
C02352,C02352
C02353,C02353
C02355,C02355
C02356,C02356
C02358,C02358
C02361,C02361
C02362,C02362
C02363,C02363
C02364,C02364
C02365,C02365
C02366,C02366
C02367,C02367
C02369,C02369
C02371,C02371
C02377,C02377
C02378,C02378
C02380,C02380
C02381,C02381
C02382,C02382
C02383,C02383
C02385,C02385
C02386,C02386
C02387,C02387
C02388,C02388
C02389,C02389
C02390,C02390
C02391,C02391
C02392,C02392
C02395,C02395
C02397,C02397
C02398,C02398
C02399,C02399
C02400,C02400
C02403,C02403
C02404,C02404
C02405,C02405
C02406,C02406
C02407,C02407
C02408,C02408
C02409,C02409
C02411,C02411
C02412,C02412
C02413,C02413
C02414,C02414
C02415,C02415
C02416,C02416
C02417,C02417
C02418,C02418
C02419,C02419
C02421,C02421
C02422,C02422
C02423,C02423
C02424,C02424
C02425,C02425
C02426,C02426
C02429,C02429
C02430,C02430
C02431,C02431
C02434,C02434
C02436,C02436
C02439,C02439
C02440,C02440
C02441,C02441
C02443,C02443
C02444,C02444
C02445,C02445
C02446,C02446
C02448,C02448
C02449,C02449
C02450,C02450
C02451,C02451
C02454,C02454
C02455,C02455
C02456,C02456
C02457,C02457
C02458,C02458
C02459,C02459
C02461,C02461
C02462,C02462
C02465,C02465
C02468,C02468
C02469,C02469
C02470,C02470
C02471,C02471
C02472,C02472
C02473,C02473
C02474,C02474
C02475,C02475
C02477,C02477
C02480,C02480
C02481,C02481
C02485,C02485
C02486,C02486
C02488,C02488
C02490,C02490
C02493,C02493
C02495,C02495
C02496,C02496
C02497,C02497
C02499,C02499
C02500,C02500
C02501,C02501
C02502,C02502
C02503,C02503
C02504,C02504
C02505,C02505
C02506,C02506
C02508,C02508
C02509,C02509
C02511,C02511
C02512,C02512
C02513,C02513
C02514,C02514
C02515,C02515
C02516,C02516
C02517,C02517
C02518,C02518
C02519,C02519
C02521,C02521
C02522,C02522
C02523,C02523
C02525,C02525
C02526,C02526
C02528,C02528
C02529,C02529
C02530,C02530
C02531,C02531
C02532,C02532
C02535,C02535
C02537,C02537
C02538,C02538
C02539,C02539
C02540,C02540
C02545,C02545
C02549,C02549
C02550,C02550
C02551,C02551
C02554,C02554
C02555,C02555
C02557,C02557
C02559,C02559
C02564,C02564
C02565,C02565
C02566,C02566
C02567,C02567
C02569,C02569
C02576,C02576
C02577,C02577
C02580,C02580
C02581,C02581
C02582,C02582
C02583,C02583
C02584,C02584
C02585,C02585
C02586,C02586
C02588,C02588
C02589,C02589
C02590,C02590
C02591,C02591
C02592,C02592
C02593,C02593
C02594,C02594
C02596,C02596
C02597,C02597
C02598,C02598
C02600,C02600
C02601,C02601
C02602,C02602
C02604,C02604
C02607,C02607
C02608,C02608
C02609,C02609
C02610,C02610
C02611,C02611
C02615,C02615
C02620,C02620
C02621,C02621
C02622,C02622
C02624,C02624
C02625,C02625
C02631,C02631
C02632,C02632
C02633,C02633
C02634,C02634
C02635,C02635
C02636,C02636
C02637,C02637
C02639,C02639
C02640,C02640
C02641,C02641
C02644,C02644
C02646,C02646
C02647,C02647
C02648,C02648
C02649,C02649
C02650,C02650
C02651,C02651
C02653,C02653
C02657,C02657
C02659,C02659
C02660,C02660
C02661,C02661
C02662,C02662
C02663,C02663
C02664,C02664
C02665,C02665
C02666,C02666
C02667,C02667
C02669,C02669
C02671,C02671
C02674,C02674
C02675,C02675
C02676,C02676
C02677,C02677
C02678,C02678
C02680,C02680
C02681,C02681
C02682,C02682
C02684,C02684
C02685,C02685
C02686,C02686
C02688,C02688
C02689,C02689
C02690,C02690
C02691,C02691
C02693,C02693
C02694,C02694
C02696,C02696
C02697,C02697
C02698,C02698
C02705,C02705
C02707,C02707
C02708,C02708
C02710,C02710
C02711,C02711
C02712,C02712
C02713,C02713
C02714,C02714
C02715,C02715
C02716,C02716
C02717,C02717
C02720,C02720
C02723,C02723
C02726,C02726
C02727,C02727
C02729,C02729
C02730,C02730
C02732,C02732
C02733,C02733
C02736,C02736
C02737,C02737
C02738,C02738
C02739,C02739
C02743,C02743
C02744,C02744
C02745,C02745
C02747,C02747
C02749,C02749
C02752,C02752
C02753,C02753
C02762,C02762
C02770,C02770
C02771,C02771
C02772,C02772
C02783,C02783
C02788,C02788
C02789,C02789
C02795,C02795
C02799,C02799
C02806,C02806
C02807,C02807
C02809,C02809
C02813,C02813
C02814,C02814
C02822,C02822
C02829,C02829
C02848,C02848
C02867,C02867
C02891,C02891
C02893,C02893
C02895,C02895
C02896,C02896
C02897,C02897
C02898,C02898
C02899,C02899
C02900,C02900
C02901,C02901
C02902,C02902
C02903,C02903
C02904,C02904
C02905,C02905
C02906,C02906
C02908,C02908
C02909,C02909
C02910,C02910
C02911,C02911
C02912,C02912
C02913,C02913
C02914,C02914
C02918,C02918
C02921,C02921
C02922,C02922
C02923,C02923
C02924,C02924
C02925,C02925
C02926,C02926
C02929,C02929
C02930,C02930
C02931,C02931
C02934,C02934
C02935,C02935
C02937,C02937
C02938,C02938
C02941,C02941
C02943,C02943
C02945,C02945
C02946,C02946
C02947,C02947
C02948,C02948
C02949,C02949
C02950,C02950
C02951,C02951
C02952,C02952
C02956,C02956
C02957,C02957
C02958,C02958
C02961,C02961
C02963,C02963
C02964,C02964
C02965,C02965
C02966,C02966
C02967,C02967
C02968,C02968
C02969,C02969
C02970,C02970
C02971,C02971
C02972,C02972
C02974,C02974
C02975,C02975
C02977,C02977
C02981,C02981
C02982,C02982
C02983,C02983
C02984,C02984
C02986,C02986
C02987,C02987
C02989,C02989
C02990,C02990
C02994,C02994
C02997,C02997
C02998,C02998
C02999,C02999
C03000,C03000
C03001,C03001
C03002,C03002
C03003,C03003
C03004,C03004
C03005,C03005
C03007,C03007
C03008,C03008
C03009,C03009
C03011,C03011
C03012,C03012
C03013,C03013
C03018,C03018
C03024,C03024
C03026,C03026
C03027,C03027
C03028,C03028
C03029,C03029
C03030,C03030
C03031,C03031
C03032,C03032
C03033,C03033
C03034,C03034
C03036,C03036
C03037,C03037
C03039,C03039
C03040,C03040
C03043,C03043
C03046,C03046
C03047,C03047
C03048,C03048
C03049,C03049
C03051,C03051
C03054,C03054
C03055,C03055
C03056,C03056
C03058,C03058
C03059,C03059
C03061,C03061
C03069,C03069
C03070,C03070
C03071,C03071
C03072,C03072
C03073,C03073
C03074,C03074
C03075,C03075
C03076,C03076
C03077,C03077
C03080,C03080
C03082,C03082
C03087,C03087
C03090,C03090
C03093,C03093
C03095,C03095
C03098,C03098
C03099,C03099
C03103,C03103
C03105,C03105
C03106,C03106
C03107,C03107
C03108,C03108
C03109,C03109
C03112,C03112
C03114,C03114
C03115,C03115
C03116,C03116
C03117,C03117
C03119,C03119
C03120,C03120
C03121,C03121
C03122,C03122
C03123,C03123
C03128,C03128
C03129,C03129
C03130,C03130
C03133,C03133
C03135,C03135
C03139,C03139
C03141,C03141
C03142,C03142
C03145,C03145
C03147,C03147
C03152,C03152
C03156,C03156
C03160,C03160
C03164,C03164
C03168,C03168
C03169,C03169
C03170,C03170
C03171,C03171
C03173,C03173
C03176,C03176
C03177,C03177
C03179,C03179
C03183,C03183
C03184,C03184
C03186,C03186
C03189,C03189
C03190,C03190
C03191,C03191
C03196,C03196
C03197,C03197
C03199,C03199
C03201,C03201
C03202,C03202
C03203,C03203
C03206,C03206
C03207,C03207
C03208,C03208
C03209,C03209
C03210,C03210
C03212,C03212
C03213,C03213
C03214,C03214
C03215,C03215
C03216,C03216
C03217,C03217
C03218,C03218
C03219,C03219
C03220,C03220
C03221,C03221
C03222,C03222
C03223,C03223
C03224,C03224
C03225,C03225
C03226,C03226
C03227,C03227
C03228,C03228
C03229,C03229
C03230,C03230
C03231,C03231
C03232,C03232
C03233,C03233
C03236,C03236
C03237,C03237
C03238,C03238
C03240,C03240
C03241,C03241
C03242,C03242
C03243,C03243
C03245,C03245
C03246,C03246
C03248,C03248
C03250,C03250
C03251,C03251
C03252,C03252
C03253,C03253
C03255,C03255
C03256,C03256
C03257,C03257
C03258,C03258
C03259,C03259
C03260,C03260
C03262,C03262
C03263,C03263
C03264,C03264
C03266,C03266
C03267,C03267
C03270,C03270
C03272,C03272
C03273,C03273
C03274,C03274
C03275,C03275
C03277,C03277
C03278,C03278
C03279,C03279
C03280,C03280
C03282,C03282
C03283,C03283
C03284,C03284
C03285,C03285
C03286,C03286
C03289,C03289
C03290,C03290
C03291,C03291
C03292,C03292
C03293,C03293
C03294,C03294
C03295,C03295
C03296,C03296
C03297,C03297
C03299,C03299
C03302,C03302
C03303,C03303
C03305,C03305
C03308,C03308
C03310,C03310
C03311,C03311
C03313,C03313
C03314,C03314
C03315,C03315
C03317,C03317
C03318,C03318
C03319,C03319
C03320,C03320
C03321,C03321
C03323,C03323
C03326,C03326
C03330,C03330
C03333,C03333
C03335,C03335
C03337,C03337
C03338,C03338
C03339,C03339
C03342,C03342
C03343,C03343
C03344,C03344
C03345,C03345
C03346,C03346
C03347,C03347
C03348,C03348
C03349,C03349
C03350,C03350
C03351,C03351
C03352,C03352
C03353,C03353
C03354,C03354
C03355,C03355
C03357,C03357
C03359,C03359
C03360,C03360
C03361,C03361
C03362,C03362
C03363,C03363
C03365,C03365
C03366,C03366
C03367,C03367
C03368,C03368
C03369,C03369
C03370,C03370
C03371,C03371
C03372,C03372
C03373,C03373
C03374,C03374
C03375,C03375
C03376,C03376
C03377,C03377
C03378,C03378
C03383,C03383
C03386,C03386
C03389,C03389
C03392,C03392
C03394,C03394
C03395,C03395
C03398,C03398
C03400,C03400
C03409,C03409
C03422,C03422
C03427,C03427
C03433,C03433
C03440,C03440
C03441,C03441
C03443,C03443
C03444,C03444
C03448,C03448
C03452,C03452
C03456,C03456
C03465,C03465
C03466,C03466
C03470,C03470
C03471,C03471
C03472,C03472
C03475,C03475
C03477,C03477
C03479,C03479
C03484,C03484
C03486,C03486
C03487,C03487
C03488,C03488
C03489,C03489
C03491,C03491
C03492,C03492
C03493,C03493
C03496,C03496
C03497,C03497
C03498,C03498
C03499,C03499
C03501,C03501
C03503,C03503
C03505,C03505
C03506,C03506
C03508,C03508
C03510,C03510
C03512,C03512
C03513,C03513
C03514,C03514
C03515,C03515
C03516,C03516
C03519,C03519
C03521,C03521
C03523,C03523
C03525,C03525
C03526,C03526
C03527,C03527
C03529,C03529
C03531,C03531
C03535,C03535
C03536,C03536
C03537,C03537
C03538,C03538
C03541,C03541
C03544,C03544
C03545,C03545
C03546,C03546
C03547,C03547
C03548,C03548
C03549,C03549
C03550,C03550
C03551,C03551
C03552,C03552
C03554,C03554
C03555,C03555
C03556,C03556
C03559,C03559
C03561,C03561
C03562,C03562
C03564,C03564
C03565,C03565
C03566,C03566
C03567,C03567
C03568,C03568
C03569,C03569
C03570,C03570
C03571,C03571
C03572,C03572
C03573,C03573
C03574,C03574
C03576,C03576
C03577,C03577
C03578,C03578
C03580,C03580
C03581,C03581
C03582,C03582
C03583,C03583
C03584,C03584
C03585,C03585
C03586,C03586
C03588,C03588
C03590,C03590
C03591,C03591
C03592,C03592
C03593,C03593
C03594,C03594
C03595,C03595
C03599,C03599
C03600,C03600
C03603,C03603
C03605,C03605
C03606,C03606
C03610,C03610
C03612,C03612
C03613,C03613
C03614,C03614
C03616,C03616
C03618,C03618
C03620,C03620
C03622,C03622
C03623,C03623
C03624,C03624
C03626,C03626
C03627,C03627
C03628,C03628
C03629,C03629
C03630,C03630
C03631,C03631
C03632,C03632
C03638,C03638
C03639,C03639
C03640,C03640
C03641,C03641
C03644,C03644
C03646,C03646
C03647,C03647
C03649,C03649
C03650,C03650
C03651,C03651
C03652,C03652
C03653,C03653
C03654,C03654
C03657,C03657
C03658,C03658
C03659,C03659
C03660,C03660
C03661,C03661
C03663,C03663
C03665,C03665
C03667,C03667
C03668,C03668
C03669,C03669
C03670,C03670
C03671,C03671
C03672,C03672
C03674,C03674
C03675,C03675
C03676,C03676
C03679,C03679
C03680,C03680
C03681,C03681
C03682,C03682
C03683,C03683
C03686,C03686
C03687,C03687
C03688,C03688
C03690,C03690
C03691,C03691
C03692,C03692
C03693,C03693
C03694,C03694
C03695,C03695
C03696,C03696
C03698,C03698
C03699,C03699
C03701,C03701
C03702,C03702
C03703,C03703
C03704,C03704
C03705,C03705
C03709,C03709
C03710,C03710
C03712,C03712
C03713,C03713
C03715,C03715
C03716,C03716
C03717,C03717
C03718,C03718
C03719,C03719
C03721,C03721
C03723,C03723
C03724,C03724
C03725,C03725
C03726,C03726
C03727,C03727
C03728,C03728
C03729,C03729
C03731,C03731
C03732,C03732
C03734,C03734
C03735,C03735
C03738,C03738
C03740,C03740
C03741,C03741
C03742,C03742
C03743,C03743
C03744,C03744
C03748,C03748
C03749,C03749
C03750,C03750
C03751,C03751
C03754,C03754
C03756,C03756
C03757,C03757
C03759,C03759
C03762,C03762
C03764,C03764
C03766,C03766
C03767,C03767
C03768,C03768
C03770,C03770
C03771,C03771
C03773,C03773
C03776,C03776
C03778,C03778
C03779,C03779
C03782,C03782
C03783,C03783
C03784,C03784
C03785,C03785
C03786,C03786
C03787,C03787
C03789,C03789
C03790,C03790
C03791,C03791
C03792,C03792
C03793,C03793
C03795,C03795
C03796,C03796
C03797,C03797
C03798,C03798
C03800,C03800
C03801,C03801
C03803,C03803
C03805,C03805
C03806,C03806
C03807,C03807
C03808,C03808
C03809,C03809
C03812,C03812
C03813,C03813
C03814,C03814
C03815,C03815
C03818,C03818
C03819,C03819
C03821,C03821
C03824,C03824
C03826,C03826
C03827,C03827
C03829,C03829
C03830,C03830
C03833,C03833
C03834,C03834
C03835,C03835
C03836,C03836
C03837,C03837
C03838,C03838
C03839,C03839
C03840,C03840
C03842,C03842
C03843,C03843
C03844,C03844
C03846,C03846
C03847,C03847
C03849,C03849
C03850,C03850
C03851,C03851
C03852,C03852
C03854,C03854
C03855,C03855
C03856,C03856
C03857,C03857
C03858,C03858
C03859,C03859
C03860,C03860
C03861,C03861
C03862,C03862
C03864,C03864
C03865,C03865
C03866,C03866
C03867,C03867
C03869,C03869
C03870,C03870
C03874,C03874
C03875,C03875
C03881,C03881
C03882,C03882
C03883,C03883
C03886,C03886
C03887,C03887
C03888,C03888
C03889,C03889
C03890,C03890
C03891,C03891
C03892,C03892
C03896,C03896
C03901,C03901
C03902,C03902
C03903,C03903
C03905,C03905
C03906,C03906
C03909,C03909
C03910,C03910
C03913,C03913
C03914,C03914
C03915,C03915
C03916,C03916
C03917,C03917
C03920,C03920
C03923,C03923
C03925,C03925
C03926,C03926
C03927,C03927
C03928,C03928
C03929,C03929
C03930,C03930
C03931,C03931
C03933,C03933
C03935,C03935
C03938,C03938
C03939,C03939
C03940,C03940
C03941,C03941
C03942,C03942
C03945,C03945
C03946,C03946
C03950,C03950
C03951,C03951
C03952,C03952
C03953,C03953
C03954,C03954
C03955,C03955
C03957,C03957
C03958,C03958
C03962,C03962
C03968,C03968
C03969,C03969
C03971,C03971
C03972,C03972
C03973,C03973
C03974,C03974
C03975,C03975
C03976,C03976
C03978,C03978
C03979,C03979
C03981,C03981
C03982,C03982
C03983,C03983
C03984,C03984
C03985,C03985
C03987,C03987
C03989,C03989
C03990,C03990
C03993,C03993
C03996,C03996
C03997,C03997
C03998,C03998
C04000,C04000
C04001,C04001
C04002,C04002
C04005,C04005
C04006,C04006
C04007,C04007
C04009,C04009
C04012,C04012
C04013,C04013
C04014,C04014
C04015,C04015
C04016,C04016
C04017,C04017
C04018,C04018
C04020,C04020
C04021,C04021
C04022,C04022
C04025,C04025
C04027,C04027
C04028,C04028
C04031,C04031
C04032,C04032
C04035,C04035
C04036,C04036
C04038,C04038
C04042,C04042
C04043,C04043
C04044,C04044
C04046,C04046
C04047,C04047
C04048,C04048
C04049,C04049
C04050,C04050
C04052,C04052
C04055,C04055
C04059,C04059
C04063,C04063
C04064,C04064
C04069,C04069
C04070,C04070
C04071,C04071
C04072,C04072
C04073,C04073
C04075,C04075
C04076,C04076
C04078,C04078
C04080,C04080
C04082,C04082
C04083,C04083
C04084,C04084
C04085,C04085
C04086,C04086
C04087,C04087
C04088,C04088
C04089,C04089
C04090,C04090
C04091,C04091
C04093,C04093
C04095,C04095
C04097,C04097
C04098,C04098
C04099,C04099
C04100,C04100
C04101,C04101
C04105,C04105
C04106,C04106
C04107,C04107
C04109,C04109
C04111,C04111
C04116,C04116
C04121,C04121
C04124,C04124
C04125,C04125
C04126,C04126
C04127,C04127
C04130,C04130
C04131,C04131
C04132,C04132
C04133,C04133
C04134,C04134
C04135,C04135
C04136,C04136
C04137,C04137
C04138,C04138
C04139,C04139
C04140,C04140
C04142,C04142
C04143,C04143
C04145,C04145
C04146,C04146
C04147,C04147
C04148,C04148
C04150,C04150
C04151,C04151
C04152,C04152
C04154,C04154
C04155,C04155
C04156,C04156
C04157,C04157
C04161,C04161
C04163,C04163
C04165,C04165
C04166,C04166
C04169,C04169
C04170,C04170
C04171,C04171
C04173,C04173
C04174,C04174
C04176,C04176
C04178,C04178
C04179,C04179
C04181,C04181
C04182,C04182
C04184,C04184
C04185,C04185
C04186,C04186
C04187,C04187
C04188,C04188
C04189,C04189
C04192,C04192
C04193,C04193
C04194,C04194
C04195,C04195
C04197,C04197
C04198,C04198
C04199,C04199
C04200,C04200
C04202,C04202
C04203,C04203
C04204,C04204
C04205,C04205
C04207,C04207
C04208,C04208
C04211,C04211
C04212,C04212
C04215,C04215
C04220,C04220
C04223,C04223
C04224,C04224
C04226,C04226
C04227,C04227
C04229,C04229
C04230,C04230
C04234,C04234
C04236,C04236
C04237,C04237
C04239,C04239
C04240,C04240
C04241,C04241
C04242,C04242
C04243,C04243
C04244,C04244
C04245,C04245
C04246,C04246
C04247,C04247
C04249,C04249
C04252,C04252
C04254,C04254
C04255,C04255
C04256,C04256
C04257,C04257
C04258,C04258
C04259,C04259
C04260,C04260
C04266,C04266
C04267,C04267
C04270,C04270
C04271,C04271
C04272,C04272
C04273,C04273
C04275,C04275
C04276,C04276
C04277,C04277
C04278,C04278
C04279,C04279
C04281,C04281
C04282,C04282
C04283,C04283
C04286,C04286
C04287,C04287
C04288,C04288
C04289,C04289
C04291,C04291
C04292,C04292
C04293,C04293
C04294,C04294
C04295,C04295
C04296,C04296
C04297,C04297
C04298,C04298
C04299,C04299
C04300,C04300
C04301,C04301
C04303,C04303
C04304,C04304
C04305,C04305
C04307,C04307
C04308,C04308
C04309,C04309
C04310,C04310
C04311,C04311
C04312,C04312
C04313,C04313
C04314,C04314
C04315,C04315
C04316,C04316
C04317,C04317
C04318,C04318
C04320,C04320
C04323,C04323
C04324,C04324
C04325,C04325
C04326,C04326
C04328,C04328
C04329,C04329
C04331,C04331
C04332,C04332
C04333,C04333
C04334,C04334
C04335,C04335
C04336,C04336
C04337,C04337
C04338,C04338
C04339,C04339
C04340,C04340
C04341,C04341
C04342,C04342
C04343,C04343
C04344,C04344
C04347,C04347
C04348,C04348
C04349,C04349
C04350,C04350
C04354,C04354
C04355,C04355
C04357,C04357
C04358,C04358
C04359,C04359
C04360,C04360
C04361,C04361
C04363,C04363
C04364,C04364
C04365,C04365
C04366,C04366
C04368,C04368
C04371,C04371
C04371,C04981
C04372,C04372
C04373,C04373
C04376,C04376
C04379,C04379
C04380,C04380
C04382,C04382
C04383,C04383
C04384,C04384
C04385,C04385
C04386,C04386
C04389,C04389
C04392,C04392
C04393,C04393
C04394,C04394
C04395,C04395
C04396,C04396
C04397,C04397
C04398,C04398
C04399,C04399
C04406,C04406
C04407,C04407
C04409,C04409
C04411,C04411
C04412,C04412
C04413,C04413
C04414,C04414
C04420,C04420
C04421,C04421
C04422,C04422
C04423,C04423
C04429,C04429
C04432,C04432
C04433,C04433
C04435,C04435
C04436,C04436
C04437,C04437
C04439,C04439
C04440,C04440
C04441,C04441
C04442,C04442
C04443,C04443
C04444,C04444
C04446,C04446
C04447,C04447
C04448,C04448
C04449,C04449
C04450,C04450
C04451,C04451
C04452,C04452
C04457,C04457
C04458,C04458
C04459,C04459
C04461,C04461
C04463,C04463
C04464,C04464
C04465,C04465
C04466,C04466
C04468,C04468
C04470,C04470
C04471,C04471
C04472,C04472
C04473,C04473
C04474,C04474
C04475,C04475
C04476,C04476
C04477,C04477
C04478,C04478
C04480,C04480
C04481,C04481
C04482,C04482
C04483,C04483
C04484,C04484
C04486,C04486
C04487,C04487
C04488,C04488
C04489,C04489
C04490,C04490
C04492,C04492
C04493,C04493
C04494,C04494
C04498,C04498
C04499,C04499
C04500,C04500
C04501,C04501
C04503,C04503
C04505,C04505
C04506,C04506
C04507,C04507
C04509,C04509
C04510,C04510
C04511,C04511
C04514,C04514
C04518,C04518
C04519,C04519
C04521,C04521
C04524,C04524
C04525,C04525
C04526,C04526
C04528,C04528
C04529,C04529
C04530,C04530
C04531,C04531
C04532,C04532
C04533,C04533
C04534,C04534
C04536,C04536
C04537,C04537
C04538,C04538
C04539,C04539
C04540,C04540
C04541,C04541
C04542,C04542
C04543,C04543
C04545,C04545
C04546,C04546
C04547,C04547
C04548,C04548
C04549,C04549
C04550,C04550
C04551,C04551
C04554,C04554
C04556,C04556
C04557,C04557
C04558,C04558
C04559,C04559
C04561,C04561
C04563,C04563
C04564,C04564
C04565,C04565
C04566,C04566
C04567,C04567
C04569,C04569
C04572,C04572
C04573,C04573
C04577,C04577
C04579,C04579
C04580,C04580
C04582,C04582
C04583,C04583
C04584,C04584
C04586,C04586
C04587,C04587
C04588,C04588
C04589,C04589
C04591,C04591
C04592,C04592
C04594,C04594
C04595,C04595
C04596,C04596
C04598,C04598
C04599,C04599
C04600,C04600
C04604,C04604
C04605,C04605
C04607,C04607
C04609,C04609
C04610,C04610
C04612,C04612
C04613,C04613
C04614,C04614
C04615,C04615
C04616,C04616
C04618,C04618
C04619,C04619
C04620,C04620
C04621,C04621
C04622,C04622
C04624,C04624
C04625,C04625
C04633,C04633
C04634,C04634
C04636,C04636
C04637,C04637
C04638,C04638
C04640,C04640
C04643,C04643
C04644,C04644
C04645,C04645
C04646,C04646
C04648,C04648
C04649,C04649
C04651,C04651
C04652,C04652
C04653,C04653
C04655,C04655
C04657,C04657
C04658,C04658
C04659,C04659
C04660,C04660
C04661,C04661
C04663,C04663
C04664,C04664
C04666,C04666
C04667,C04667
C04669,C04669
C04672,C04672
C04674,C04674
C04675,C04675
C04676,C04676
C04677,C04677
C04678,C04678
C04679,C04679
C04680,C04680
C04681,C04681
C04682,C04682
C04683,C04683
C04684,C04684
C04685,C04685
C04687,C04687
C04688,C04688
C04690,C04690
C04693,C04693
C04698,C04698
C04699,C04699
C04701,C04701
C04702,C04702
C04705,C04705
C04707,C04707
C04709,C04709
C04710,C04710
C04711,C04711
C04712,C04712
C04713,C04713
C04715,C04715
C04716,C04716
C04717,C04717
C04719,C04719
C04721,C04721
C04722,C04722
C04723,C04723
C04724,C04724
C04726,C04726
C04728,C04728
C04730,C04730
C04731,C04731
C04732,C04732
C04733,C04733
C04735,C04735
C04736,C04736
C04738,C04738
C04739,C04739
C04740,C04740
C04743,C04743
C04744,C04744
C04745,C04745
C04747,C04747
C04748,C04748
C04749,C04749
C04750,C04750
C04753,C04753
C04755,C04755
C04757,C04757
C04758,C04758
C04760,C04760
C04761,C04761
C04763,C04763
C04765,C04765
C04767,C04767
C04768,C04768
C04769,C04769
C04771,C04771
C04772,C04772
C04775,C04775
C04776,C04776
C04778,C04778
C04779,C04779
C04780,C04780
C04781,C04781
C04784,C04784
C04785,C04785
C04786,C04786
C04787,C04787
C04788,C04788
C04789,C04789
C04790,C04790
C04793,C04793
C04794,C04794
C04799,C04799
C04800,C04800
C04801,C04801
C04802,C04802
C04803,C04803
C04804,C04804
C04806,C04806
C04808,C04808
C04809,C04809
C04811,C04811
C04812,C04812
C04813,C04813
C04815,C04815
C04816,C04816
C04818,C04818
C04819,C04819
C04820,C04820
C04821,C04821
C04822,C04822
C04824,C04824
C04825,C04825
C04826,C04826
C04827,C04827
C04829,C04829
C04830,C04830
C04831,C04831
C04833,C04833
C04834,C04834
C04836,C04836
C04837,C04837
C04838,C04838
C04839,C04839
C04841,C04841
C04842,C04842
C04843,C04843
C04844,C04844
C04845,C04845
C04846,C04846
C04847,C04847
C04850,C04850
C04852,C04852
C04853,C04853
C04854,C04854
C04855,C04855
C04856,C04856
C04857,C04857
C04858,C04858
C04859,C04859
C04860,C04860
C04862,C04862
C04863,C04863
C04864,C04864
C04866,C04866
C04867,C04867
C04868,C04868
C04869,C04869
C04871,C04871
C04872,C04872
C04873,C04873
C04874,C04874
C04875,C04875
C04878,C04878
C04879,C04879
C04880,C04880
C04881,C04881
C04882,C04882
C04883,C04883
C04884,C04884
C04885,C04885
C04886,C04886
C04887,C04887
C04888,C04888
C04889,C04889
C04891,C04891
C04893,C04893
C04894,C04894
C04897,C04897
C04898,C04898
C04899,C04899
C04900,C04900
C04903,C04903
C04904,C04904
C04906,C04906
C04907,C04907
C04908,C04908
C04909,C04909
C04912,C04912
C04916,C04916
C04917,C04917
C04918,C04918
C04919,C04919
C04920,C04920
C04921,C04921
C04922,C04922
C04923,C04923
C04925,C04925
C04926,C04926
C04928,C04928
C04929,C04929
C04930,C04930
C04931,C04931
C04933,C04933
C04934,C04934
C04936,C04936
C04937,C04937
C04941,C04941
C04942,C04942
C04943,C04943
C04944,C04944
C04945,C04945
C04946,C04946
C04947,C04947
C04948,C04948
C04950,C04950
C04951,C04951
C04954,C04954
C04957,C04957
C04958,C04958
C04959,C04959
C04960,C04960
C04962,C04962
C04963,C04963
C04964,C04964
C04966,C04966
C04967,C04967
C04968,C04968
C04969,C04969
C04970,C04970
C04972,C04972
C04973,C04973
C04976,C04976
C04977,C04977
C04980,C04980
C04982,C04982
C04982,C05837
C04983,C04983
C04985,C04985
C04986,C04986
C04988,C04988
C04989,C04989
C04991,C04991
C04992,C04992
C04993,C04993
C04994,C04994
C04995,C04995
C04996,C04996
C04997,C04997
C04998,C04998
C04999,C04999
C05001,C05001
C05002,C05002
C05004,C05004
C05006,C05006
C05008,C05008
C05009,C05009
C05011,C05011
C05012,C05012
C05013,C05013
C05014,C05014
C05015,C05015
C05016,C05016
C05017,C05017
C05018,C05018
C05020,C05020
C05021,C05021
C05023,C05023
C05024,C05024
C05025,C05025
C05026,C05026
C05027,C05027
C05028,C05028
C05029,C05029
C05031,C05031
C05033,C05033
C05034,C05034
C05036,C05036
C05038,C05038
C05040,C05040
C05041,C05041
C05043,C05043
C05045,C05045
C05046,C05046
C05047,C05047
C05048,C05048
C05049,C05049
C05050,C05050
C05051,C05051
C05052,C05052
C05053,C05053
C05055,C05055
C05056,C05056
C05057,C05057
C05058,C05058
C05059,C05059
C05063,C05063
C05064,C05064
C05070,C05070
C05072,C05072
C05073,C05073
C05074,C05074
C05075,C05075
C05076,C05076
C05077,C05077
C05079,C05079
C05080,C05080
C05081,C05081
C05082,C05082
C05084,C05084
C05086,C05086
C05087,C05087
C05092,C05092
C05093,C05093
C05094,C05094
C05096,C05096
C05098,C05098
C05099,C05099
C05100,C05100
C05102,C05102
C05103,C05103
C05104,C05104
C05105,C05105
C05106,C05106
C05108,C05108
C05110,C05110
C05111,C05111
C05112,C05112
C05113,C05113
C05114,C05114
C05116,C05116
C05117,C05117
C05118,C05118
C05121,C05121
C05125,C05125
C05129,C05129
C05130,C05130
C05132,C05132
C05134,C05134
C05135,C05135
C05137,C05137
C05138,C05138
C05139,C05139
C05140,C05140
C05141,C05141
C05142,C05142
C05144,C05144
C05145,C05145
C05147,C05147
C05148,C05148
C05149,C05149
C05150,C05150
C05151,C05151
C05152,C05152
C05153,C05153
C05154,C05154
C05155,C05155
C05156,C05156
C05157,C05157
C05158,C05158
C05159,C05159
C05161,C05161
C05163,C05163
C05165,C05165
C05166,C05166
C05168,C05168
C05169,C05169
C05171,C05171
C05172,C05172
C05173,C05173
C05174,C05174
C05175,C05175
C05177,C05177
C05179,C05179
C05180,C05180
C05181,C05181
C05183,C05183
C05184,C05184
C05185,C05185
C05186,C05186
C05187,C05187
C05188,C05188
C05189,C05189
C05190,C05190
C05191,C05191
C05192,C05192
C05193,C05193
C05194,C05194
C05196,C05196
C05197,C05197
C05198,C05198
C05200,C05200
C05204,C05204
C05205,C05205
C05206,C05206
C05207,C05207
C05208,C05208
C05209,C05209
C05211,C05211
C05212,C05212
C05216,C05216
C05217,C05217
C05220,C05220
C05221,C05221
C05224,C05224
C05225,C05225
C05226,C05226
C05227,C05227
C05232,C05232
C05234,C05234
C05236,C05236
C05237,C05237
C05239,C05239
C05240,C05240
C05241,C05241
C05242,C05242
C05244,C05244
C05245,C05245
C05246,C05246
C05247,C05247
C05248,C05248
C05249,C05249
C05250,C05250
C05251,C05251
C05252,C05252
C05253,C05253
C05254,C05254
C05255,C05255
C05258,C05258
C05259,C05259
C05262,C05262
C05264,C05264
C05265,C05265
C05266,C05266
C05268,C05268
C05269,C05269
C05270,C05270
C05271,C05271
C05272,C05272
C05273,C05273
C05275,C05275
C05277,C05277
C05279,C05279
C05281,C05281
C05282,C05282
C05283,C05283
C05284,C05284
C05285,C05285
C05286,C05286
C05287,C05287
C05290,C05290
C05291,C05291
C05294,C05294
C05295,C05295
C05299,C05299
C05300,C05300
C05301,C05301
C05302,C05302
C05304,C05304
C05305,C05305
C05310,C05310
C05311,C05311
C05312,C05312
C05313,C05313
C05314,C05314
C05316,C05316
C05317,C05317
C05318,C05318
C05320,C05320
C05322,C05322
C05324,C05324
C05330,C05330
C05331,C05331
C05332,C05332
C05334,C05334
C05335,C05335
C05336,C05336
C05339,C05339
C05341,C05341
C05343,C05343
C05345,C05345
C05346,C05346
C05348,C05348
C05349,C05349
C05350,C05350
C05351,C05351
C05352,C05352
C05353,C05353
C05354,C05354
C05355,C05355
C05356,C05356
C05357,C05357
C05358,C05358
C05359,C05359
C05360,C05360
C05361,C05361
C05364,C05364
C05366,C05366
C05370,C05370
C05372,C05372
C05373,C05373
C05374,C05374
C05376,C05376
C05377,C05377
C05378,C05378
C05379,C05379
C05380,C05380
C05381,C05381
C05382,C05382
C05383,C05383
C05384,C05384
C05386,C05386
C05387,C05387
C05388,C05388
C05389,C05389
C05390,C05390
C05391,C05391
C05392,C05392
C05393,C05393
C05394,C05394
C05395,C05395
C05397,C05397
C05398,C05398
C05399,C05399
C05400,C05400
C05401,C05401
C05402,C05402
C05403,C05403
C05405,C05405
C05406,C05406
C05407,C05407
C05408,C05408
C05409,C05409
C05410,C05410
C05411,C05411
C05412,C05412
C05413,C05413
C05415,C05415
C05416,C05416
C05417,C05417
C05419,C05419
C05421,C05421
C05424,C05424
C05425,C05425
C05427,C05427
C05431,C05431
C05434,C05434
C05435,C05435
C05436,C05436
C05437,C05437
C05438,C05438
C05439,C05439
C05440,C05440
C05441,C05441
C05442,C05442
C05443,C05443
C05444,C05444
C05445,C05445
C05446,C05446
C05447,C05447
C05449,C05449
C05450,C05450
C05453,C05453
C05454,C05454
C05455,C05455
C05456,C05456
C05457,C05457
C05459,C05459
C05461,C05461
C05462,C05462
C05463,C05463
C05464,C05464
C05467,C05467
C05468,C05468
C05469,C05469
C05471,C05471
C05472,C05472
C05473,C05473
C05474,C05474
C05475,C05475
C05476,C05476
C05478,C05478
C05479,C05479
C05480,C05480
C05481,C05481
C05484,C05484
C05485,C05485
C05487,C05487
C05490,C05490
C05491,C05491
C05492,C05492
C05493,C05493
C05494,C05494
C05496,C05496
C05499,C05499
C05500,C05500
C05501,C05501
C05503,C05503
C05504,C05504
C05505,C05505
C05506,C05506
C05507,C05507
C05508,C05508
C05510,C05510
C05511,C05511
C05514,C05514
C05515,C05515
C05516,C05516
C05517,C05517
C05520,C05520
C05522,C05522
C05523,C05523
C05526,C05526
C05527,C05527
C05529,C05529
C05530,C05530
C05532,C05532
C05533,C05533
C05535,C05535
C05536,C05536
C05537,C05537
C05538,C05538
C05539,C05539
C05540,C05540
C05542,C05542
C05544,C05544
C05545,C05545
C05546,C05546
C05547,C05547
C05549,C05549
C05552,C05552
C05553,C05553
C05554,C05554
C05555,C05555
C05556,C05556
C05557,C05557
C05558,C05558
C05559,C05559
C05561,C05561
C05564,C05564
C05565,C05565
C05568,C05568
C05569,C05569
C05570,C05570
C05577,C05577
C05578,C05578
C05579,C05579
C05580,C05580
C05581,C05581
C05582,C05582
C05586,C05586
C05591,C05591
C05592,C05592
C05595,C05595
C05596,C05596
C05598,C05598
C05599,C05599
C05600,C05600
C05601,C05601
C05602,C05602
C05603,C05603
C05605,C05605
C05606,C05606
C05607,C05607
C05608,C05608
C05609,C05609
C05610,C05610
C05611,C05611
C05612,C05612
C05613,C05613
C05615,C05615
C05616,C05616
C05617,C05617
C05618,C05618
C05619,C05619
C05620,C05620
C05621,C05621
C05622,C05622
C05623,C05623
C05624,C05624
C05625,C05625
C05626,C05626
C05628,C05628
C05629,C05629
C05632,C05632
C05633,C05633
C05634,C05634
C05635,C05635
C05636,C05636
C05637,C05637
C05638,C05638
C05643,C05643
C05644,C05644
C05645,C05645
C05646,C05646
C05647,C05647
C05648,C05648
C05649,C05649
C05650,C05650
C05653,C05653
C05654,C05654
C05655,C05655
C05657,C05657
C05662,C05662
C05663,C05663
C05664,C05664
C05665,C05665
C05666,C05666
C05667,C05667
C05671,C05671
C05674,C05674
C05676,C05676
C05677,C05677
C05678,C05678
C05679,C05679
C05680,C05680
C05683,C05683
C05684,C05684
C05685,C05685
C05686,C05686
C05687,C05687
C05689,C05689
C05690,C05690
C05692,C05692
C05694,C05694
C05696,C05696
C05698,C05698
C05701,C05701
C05702,C05702
C05703,C05703
C05704,C05704
C05705,C05705
C05707,C05707
C05710,C05710
C05712,C05712
C05714,C05714
C05715,C05715
C05716,C05716
C05717,C05717
C05718,C05718
C05719,C05719
C05720,C05720
C05721,C05721
C05722,C05722
C05724,C05724
C05725,C05725
C05726,C05726
C05727,C05727
C05728,C05728
C05729,C05729
C05732,C05732
C05733,C05733
C05734,C05734
C05737,C05737
C05739,C05739
C05740,C05740
C05744,C05744
C05746,C05746
C05749,C05749
C05751,C05751
C05752,C05752
C05753,C05753
C05754,C05754
C05757,C05757
C05758,C05758
C05759,C05759
C05761,C05761
C05762,C05762
C05763,C05763
C05772,C05772
C05793,C05793
C05794,C05794
C05795,C05795
C05796,C05796
C05797,C05797
C05800,C05800
C05801,C05801
C05804,C05804
C05808,C05808
C05809,C05809
C05810,C05810
C05811,C05811
C05812,C05812
C05814,C05814
C05817,C05817
C05818,C05818
C05820,C05820
C05821,C05821
C05823,C05823
C05824,C05824
C05826,C05826
C05828,C05828
C05829,C05829
C05830,C05830
C05832,C05832
C05833,C05833
C05835,C05835
C05836,C05836
C05839,C05839
C05840,C05840
C05843,C05843
C05846,C05846
C05847,C05847
C05848,C05848
C05850,C05850
C05851,C05851
C05852,C05852
C05853,C05853
C05855,a4e4eb0d
C05856,edd723c2
C05857,bf207373
C05858,b71b59a5
C05859,b9897cf6
C05860,c128c5db
C05861,d583cbef
C05862,a86c9d50
C05863,b120079c
C05864,7bf50a50
C05865,a27c4961
C05866,307dd1f3
C05868,5be709fd
C05869,f5b4bf48
C05870,5a54a45d
C05872,1e82767d
C05873,b5f3a2a6
C05874,9944c13b
C05875,291dbb2d
C05877,c564bbb5
C05878,6d7255e4
C05879,7f18ec69
C05880,a3c28476
C05881,ecea70c6
C05882,88125ace
C05884,356d3ab6
C05885,c022fc3b
C05888,03e8139f
C05889,c9de5414
C05890,C05890
C05891,C05891
C05892,C05892
C05893,C05893
C05894,C05894
C05895,C05895
C05896,C05896
C05897,C05897
C05898,C05898
C05899,C05899
C05901,C05901
C05902,C05902
C05904,C05904
C05905,C05905
f143ed00,f143ed00
f3b84090,f3b84090
69401420,69401420
5a66afdd,5a66afdd
C05918,C05918
C05903,C05903
C05906,C05906
C05907,C05907
C05909,C05909
C05910,C05910
C05911,C05911
C05912,C05912
C05913,C05913
C05914,C05914
C05915,C05915
C05916,C05916
C05917,C05917
C05919,C05919
C05920,C05920
C05921,C05921
C05922,C05922
C05923,C05923
C05924,C05924
C05925,C05925
C05926,C05926
C05928,C05928
C05929,C05929
C05930,C05930
C05932,C05932
C05941,C05941
C05942,C05942
C05934,C05934
C05935,C05935
C05936,C05936
C05937,C05937
C05939,C05939
C05940,C05940
C05943,C05943
C05944,C05944
C05946,C05946
C05947,C05947
C05948,C05948
C05950,C05950
C05951,C05951
C05953,C05953
C05954,C05954
C05955,C05955
C05956,C05956
C05957,C05957
C05958,C05958
C05960,C05960
C05961,C05961
C05962,C05962
C05963,C05963
C05965,C05965
C05967,C05967
C05968,C05968
C05969,C05969
C05970,C05970
C05972,C05972
C05973,C05973
C05974,C05974
C05975,C05975
C05977,C05977
C05979,C05979
C05980,C05980
C05981,C05981
C05983,C05983
C05984,C05984
C05985,C05985
C05986,C05986
C05988,C05988
C05990,C05990
C05991,C05991
C05992,C05992
C05993,C05993
C05994,C05994
C05995,C05995
C05996,C05996
C05997,C05997
C05998,C05998
C05999,C05999
C06002,C06002
C06005,C06005
C06006,C06006
C06010,C06010
C06014,C06014
C06015,C06015
C06018,C06018
C06019,C06019
C06020,C06020
C06021,C06021
C06022,C06022
C06023,C06023
C06024,C06024
C06025,C06025
C06027,C06027
C06029,C06029
C06031,C06031
C06032,C06032
C06033,C06033
C06034,C06034
C06035,C06035
C06036,C06036
C06038,C06038
C06039,C06039
C06040,C06040
C06041,C06041
C06042,C06042
C06044,C06044
C06045,C06045
C06046,C06046
C06048,C06048
C06049,C06049
C06051,C06051
C06052,C06052
C06053,C06053
C06054,C06054
C06056,C06056
C06057,C06057
C06058,C06058
C06059,C06059
C06060,C06060
C06061,C06061
C06064,C06064
C06072,C06072
C06067,C06067
C06068,C06068
C06070,C06070
C06071,C06071
C06073,C06073
C06074,C06074
C06076,C06076
C06077,C06077
C06078,C06078
C06079,C06079
C06085,C06085
C06107,C06107
C06108,C06108
C06109,C06109
C06110,C06110
C06111,C06111
C06112,C06112
C06114,C06114
C06115,C06115
C06117,C06117
C06118,C06118
C06119,C06119
C06120,C06120
C06121,C06121
C06122,C06122
C06126,C06126
C06127,C06127
C06128,C06128
C06131,C06131
C06133,C06133
C06134,C06134
C06135,C06135
C06136,C06136
C06137,C06137
C06138,C06138
C06140,C06140
C06141,C06141
C06142,C06142
C06143,C06143
C06144,C06144
C06145,C06145
C06146,C06146
C06147,C06147
C06148,C06148
C06149,C06149
C06150,C06150
C06151,C06151
C06152,C06152
C06089,C06089
C06104,C06104
C06154,C06154
C06106,C06106
C06155,C06155
C06156,C06156
C06157,C06157
C06160,C06160
C06161,C06161
C06162,C06162
C06163,C06163
C06166,C06166
C06168,C06168
C06169,C06169
C06170,C06170
C06172,C06172
C06173,C06173
C06174,C06174
C06175,C06175
C06177,C06177
C06178,C06178
C06179,C06179
C06181,C06181
C06184,C06184
C06185,C06185
C06186,C06186
C06187,C06187
C06188,C06188
C06191,C06191
C06192,C06192
C06193,C06193
C06197,C06197
C06200,C06200
C06202,C06202
C06203,C06203
C06204,C06204
C06207,C06207
C06208,C06208
C06211,C06211
C06212,C06212
C06214,C06214
C06215,C06215
C06216,C06216
C06217,C06217
C06218,C06218
C06219,C06219
C06220,C06220
C06221,C06221
C06222,C06222
C06224,C06224
C06225,C06225
C06227,C06227
C06228,C06228
C06229,C06229
C06230,C06230
C06234,C06234
C06236,C06236
C06237,C06237
C06238,C06238
C06239,C06239
C06240,C06240
C06242,C06242
C06243,C06243
C06244,C06244
C06245,C06245
C06246,C06246
C06247,C06247
C06249,C06249
C06253,C06253
C06256,C06256
C06257,C06257
C06260,C06260
C06261,C06261
C06262,C06262
C06263,C06263
C06267,C06267
C06268,C06268
C06269,C06269
C06270,C06270
C06271,C06271
C06273,C06273
C06274,C06274
C06275,C06275
C06277,C06277
C06279,C06279
C06280,C06280
C06281,C06281
C06282,C06282
C06284,C06284
C06285,C06285
C06286,C06286
C06287,C06287
C06290,C06290
C06291,C06291
C06292,C06292
C06295,C06295
C06298,C06298
C06299,C06299
C06300,C06300
C06301,C06301
C06304,C06304
C06305,C06305
C06306,C06306
C06307,C06307
C06308,C06308
C06309,C06309
C06310,C06310
C06311,C06311
C06312,C06312
C06314,C06314
C06315,C06315
C06316,C06316
C06320,C06320
C06323,C06323
C06324,C06324
C06325,C06325
C06326,C06326
C06327,C06327
C06328,C06328
C06329,C06329
C06330,C06330
C06331,C06331
C06332,C06332
C06333,C06333
C06334,C06334
C06337,C06337
C06338,C06338
C06341,C06341
C06342,C06342
C06344,C06344
C06345,C06345
C06347,C06347
C06348,C06348
C06350,C06350
C06351,C06351
C06352,C06352
C06353,C06353
C06354,C06354
C06355,C06355
C06356,C06356
C06358,C06358
C06359,C06359
C06361,C06361
C06362,C06362
C06363,C06363
C06364,C06364
C06368,C06368
C06369,C06369
C06371,C06371
C06373,C06373
C06374,C06374
C06375,C06375
C06386,C06386
C06389,C06389
C06390,C06390
C06392,C06392
C06394,C06394
C06395,C06395
C06396,C06396
C06397,C06397
C06398,C06398
C06399,C06399
C06400,C06400
C06401,C06401
C06403,C06403
C06404,C06404
C06405,C06405
C06406,C06406
C06407,C06407
C06408,C06408
C06409,C06409
C06411,C06411
C06412,C06412
C06413,C06413
C06416,C06416
C06417,C06417
C06418,C06418
C06419,C06419
C06423,C06423
C06426,C06426
C06427,C06427
C06428,C06428
C06430,C06430
C06432,C06432
C06433,C06433
C06437,C06437
C06438,C06438
C06442,C06442
C06445,C06445
C06450,C06450
C06451,C06451
C06452,C06452
C06455,C06455
C06456,C06456
C06457,C06457
C06458,C06458
C06460,C06460
C06461,C06461
C06464,C06464
C06465,C06465
C06466,C06466
C06468,C06468
C06469,C06469
C06470,C06470
C06471,C06471
C06473,C06473
C06475,C06475
C06313,C06313
C06317,C06317
C06319,C06319
C06372,C06372
C06479,C06479
C06476,C06476
C06477,C06477
C06480,C06480
C06481,C06481
C06483,C06483
C06484,C06484
C06487,C06487
C06488,C06488
C06489,C06489
C06490,C06490
C06491,C06491
C06492,C06492
C06493,C06493
C06495,C06495
C06500,C06500
C06501,C06501
C06502,C06502
C06503,C06503
C06504,C06504
C06506,C06506
C06507,C06507
C06508,C06508
C06509,C06509
C06512,C06512
C06513,C06513
C06514,C06514
C06515,C06515
C06524,C06524
C06527,C06527
C06497,C06497
C06517,C06517
C06519,C06519
C06520,C06520
C06522,C06522
C06523,C06523
C06525,C06525
C06526,C06526
C06065,C06065
C06093,C06093
C06529,C06529
C06530,C06530
C06531,C06531
C06532,C06532
C06533,C06533
C06534,C06534
C06535,C06535
C06536,C06536
C06537,C06537
C06539,C06539
C06540,C06540
C06542,C06542
C06543,C06543
C06544,C06544
C06545,C06545
C06546,C06546
C06547,C06547
C06549,C06549
C06550,C06550
C06551,C06551
C06555,C06555
C06556,C06556
C06557,C06557
C06559,C06559
C06561,C06561
C06612,C06612
C06568,C06568
C06569,C06569
C06570,C06570
C06571,C06571
C06572,C06572
C06573,C06573
C06574,C06574
C06575,C06575
C06576,C06576
C06577,C06577
C06578,C06578
C06579,C06579
C06580,C06580
C06581,C06581
C06582,C06582
C06583,C06583
C06584,C06584
C06585,C06585
C06586,C06586
C06587,C06587
C06588,C06588
C06590,C06590
C06591,C06591
C06593,C06593
C06594,C06594
C06595,C06595
C06596,C06596
C06597,C06597
C06598,C06598
C06599,C06599
C06600,C06600
C06601,C06601
C06602,C06602
C06603,C06603
C06604,C06604
C06605,C06605
C06606,C06606
C06607,C06607
C06611,C06611
C06615,C06615
C06617,C06617
C06618,C06618
C06619,C06619
C06621,C06621
C06622,C06622
C06613,C06613
C06616,C06616
C06620,C06620
C06626,C06626
C06627,C06627
C06629,C06629
C06632,C06632
C06634,C06634
C06635,C06635
C06636,C06636
C06637,C06637
C06638,C06638
C06641,C06641
C06642,C06642
C06644,C06644
C06645,C06645
C06646,C06646
C06647,C06647
C06651,C06651
C06654,C06654
C06656,C06656
C06657,C06657
C06650,C06650
C06658,C06658
C06659,C06659
C06660,C06660
C06661,C06661
C06662,C06662
C06663,C06663
C06664,C06664
C06665,C06665
C06666,C06666
C06667,C06667
C06668,C06668
C06670,C06670
C06671,C06671
C06674,C06674
C06675,C06675
C06676,C06676
C06677,C06677
C06680,C06680
C06681,C06681
C06682,C06682
C06683,C06683
C06684,C06684
C06685,C06685
C06687,C06687
C06688,C06688
C06690,C06690
C06691,C06691
C06695,C06695
C06696,C06696
C06697,C06697
C06592,C06592